"Data source"	"Model fit"	"b"	"ii"	"a"	"Pred density indrik"	"Pred density hum"	"Pred indrik in Helsinki"	"Pred hum in Helsinki"
"Santini"	"All"	"-0.824248272024384"	"1.53336160711324"	"34.1477117770805"	"0.0159312799695825"	"1.02930180868235"	"3.4570877533994"	"223.358492484071"
"Santini"	"Acute lophs"	"-0.751646078761159"	"1.80763226978196"	"64.214376459318"	"0.0588755944693545"	"2.6349450521268"	"12.7760039998499"	"571.783076311515"
"Damuth"	"All"	"-0.726077706792099"	"1.92535008176766"	"84.2073657866078"	"0.097945603986995"	"3.85181595765822"	"21.2541960651779"	"835.844062811834"
"Damuth"	"Acute lophs"	"-0.789169988794119"	"2.04307313664639"	"110.426456609879"	"0.0714047851244848"	"3.86346637760141"	"15.4948383720132"	"838.372203939506"
"Both"	"All"	"-0.782344923881489"	"1.69011766350221"	"48.991153323204"	"0.0337562823523001"	"1.76447121506572"	"7.32511327044912"	"382.890253669261"
"Both"	"Acute lophs"	"-0.727666964817094"	"1.89439467667079"	"78.4141928913443"	"0.0898683416800175"	"3.56268796008119"	"19.5014301445638"	"773.103287337619"
"Dam81"	"published"	"-0.75"	"4.23"	"68.7170366515411"	"0.0639764162801462"	"2.83949359070667"	"13.8828823327917"	"616.170109183348"
